-- DELETE
DELETE FROM Polaganje;
DELETE FROM Komisija;
DELETE FROM Ispit;
DELETE FROM Evidencija;
DELETE FROM Cas;
DELETE FROM Pohadja;
DELETE FROM KursInstrumentalni;
DELETE FROM KursVokalni;
DELETE FROM KursTeorijski;
DELETE FROM Kurs;
DELETE FROM Ucionica;
DELETE FROM Filijala;
DELETE FROM Stalni;
DELETE FROM Honorarni;
DELETE FROM Nastavnik;
DELETE FROM Odrasli;
DELETE FROM Dete;
DELETE FROM Polaznik;
DELETE FROM Staratelj;
DELETE FROM Telefon;
DELETE FROM Osoba;

-- Filijala
INSERT INTO Filijala VALUES ('F001', 'Kralja Petra 1', '08:00-20:00', 'osnovna', 100);
INSERT INTO Filijala VALUES ('F002', 'Bulevar 2', '09:00-21:00', 'napredna', 150);

-- Osoba
INSERT INTO Osoba VALUES ('1234567890001', 'Ana', 'Anić', 'Beogradska 1', 'ana@example.com');
INSERT INTO Osoba VALUES ('1234567890002', 'Marko', 'Marić', 'Novosadska 2', 'marko@example.com');
INSERT INTO Osoba VALUES ('1234567890003', 'Jelena', 'Jelić', 'Zrenjaninska 3', 'jelena@example.com');
INSERT INTO Osoba VALUES ('1234567890004', 'Petar', 'Petrović', 'Niska 4', 'petar@example.com');
INSERT INTO Osoba VALUES ('1234567890005', 'Ivana', 'Ivić', 'Sarajevska 5', 'ivana@example.com');
INSERT INTO Osoba VALUES ('1234567890006', 'Nikola', 'Nikolić', 'Zagrebačka 6', 'nikola@example.com');
INSERT INTO Osoba VALUES ('1234567890007', 'Milica', 'Milić', 'Užička 7', 'milica@example.com');
INSERT INTO Osoba VALUES ('1234567890008', 'Luka', 'Lukić', 'Niška 8', 'luka@example.com');
INSERT INTO Osoba VALUES ('1234567890009', 'Sara', 'Sarić', 'Požeška 9', 'sara@example.com');
INSERT INTO Osoba VALUES ('1234567890010', 'Milan', 'Milićević', 'Dunavska 10', 'milan@example.com');

-- Telefon
INSERT INTO Telefon VALUES ('0601234561', '1234567890001');
INSERT INTO Telefon VALUES ('0601234562', '1234567890002');
INSERT INTO Telefon VALUES ('0601234563', '1234567890003');
INSERT INTO Telefon VALUES ('0601234564', '1234567890004');
INSERT INTO Telefon VALUES ('0601234565', '1234567890005');
INSERT INTO Telefon VALUES ('0601234566', '1234567890006');
INSERT INTO Telefon VALUES ('0601234567', '1234567890007');
INSERT INTO Telefon VALUES ('0601234568', '1234567890008');
INSERT INTO Telefon VALUES ('0601234569', '1234567890009');
INSERT INTO Telefon VALUES ('0601234570', '1234567890010');

-- Staratelj
INSERT INTO Staratelj VALUES ('1234567890001');
INSERT INTO Staratelj VALUES ('1234567890002');
INSERT INTO Staratelj VALUES ('1234567890003');

-- Nastavnik
INSERT INTO Nastavnik VALUES ('1234567890001', 'Master muzike', TO_DATE('2018-09-01', 'YYYY-MM-DD'));
INSERT INTO Nastavnik VALUES ('1234567890002', 'Bachelor muzike', TO_DATE('2019-10-15', 'YYYY-MM-DD'));
INSERT INTO Nastavnik VALUES ('1234567890003', 'Doktor umetnosti', TO_DATE('2020-01-10', 'YYYY-MM-DD'));

-- Honorarni
INSERT INTO Honorarni VALUES ('1234567890002', 'H001', 20, TO_DATE('2025-12-31', 'YYYY-MM-DD'));

-- Polaznik
INSERT INTO Polaznik VALUES ('1234567890004');
INSERT INTO Polaznik VALUES ('1234567890005');
INSERT INTO Polaznik VALUES ('1234567890006');
INSERT INTO Polaznik VALUES ('1234567890007');
INSERT INTO Polaznik VALUES ('1234567890008');
INSERT INTO Polaznik VALUES ('1234567890009');
INSERT INTO Polaznik VALUES ('1234567890010');

-- Odrasli
INSERT INTO Odrasli VALUES ('1234567890007', 'Programer');
INSERT INTO Odrasli VALUES ('1234567890008', 'Profesor');
INSERT INTO Odrasli VALUES ('1234567890009', 'Muzičar');
INSERT INTO Odrasli VALUES ('1234567890010', 'Novinar');

-- Dete
INSERT INTO Dete VALUES ('1234567890004', TO_DATE('2012-04-12', 'YYYY-MM-DD'), 'DOS001', '1234567890001');
INSERT INTO Dete VALUES ('1234567890005', TO_DATE('2011-05-13', 'YYYY-MM-DD'), 'DOS002', '1234567890002');
INSERT INTO Dete VALUES ('1234567890006', TO_DATE('2010-06-14', 'YYYY-MM-DD'), 'DOS003', '1234567890003');

-- Stalni
INSERT INTO Stalni VALUES ('1234567890001', NULL, '08:00-16:00', 1);
INSERT INTO Stalni VALUES ('1234567890003', '1234567890001', '09:00-17:00', 0);

-- Kurs
INSERT INTO Kurs VALUES ('K001', 'F001', '1234567890001', 'Gitara za početnike', 'pocetni', 'individualna');
INSERT INTO Kurs VALUES ('K002', 'F001', '1234567890002', 'Klavir za napredne', 'napredni', 'grupna');
INSERT INTO Kurs VALUES ('K003', 'F002', '1234567890003', 'Teorija muzike', 'srednji', 'grupna');

-- Ispit
INSERT INTO Ispit VALUES ('I001', 'K001', TO_DATE('2025-08-01', 'YYYY-MM-DD'));
INSERT INTO Ispit VALUES ('I002', 'K002', TO_DATE('2025-08-02', 'YYYY-MM-DD'));

-- Komisija
INSERT INTO Komisija VALUES ('1234567890001', 'I001');
INSERT INTO Komisija VALUES ('1234567890002', 'I002');

-- KursInstrumentalni
INSERT INTO KursInstrumentalni VALUES ('K001', 'gitara');
INSERT INTO KursInstrumentalni VALUES ('K002', 'klavir');

-- KursVokalni
INSERT INTO KursVokalni VALUES ('K003', 'horsko');

-- KursTeorijski
INSERT INTO KursTeorijski VALUES ('K003', 'Harmonija i kontrapunkt');

-- Pohadja
INSERT INTO Pohadja VALUES ('1234567890004', 'K001');
INSERT INTO Pohadja VALUES ('1234567890005', 'K001');
INSERT INTO Pohadja VALUES ('1234567890006', 'K002');
INSERT INTO Pohadja VALUES ('1234567890007', 'K003');

-- Polaganje
INSERT INTO Polaganje VALUES ('1234567890004', 'I001', 5, 1);
INSERT INTO Polaganje VALUES ('1234567890005', 'I001', 4, 1);
INSERT INTO Polaganje VALUES ('1234567890006', 'I002', 3, 0);

-- Ucionica
INSERT INTO Ucionica VALUES ('U001', 'F001', '101A', 20);
INSERT INTO Ucionica VALUES ('U002', 'F001', '102B', 30);
INSERT INTO Ucionica VALUES ('U003', 'F002', '201', 25);
INSERT INTO Ucionica VALUES ('U004', 'F002', '202', 35);

-- Cas
INSERT INTO Cas VALUES ('C001', 'K001', 'U001', TO_DATE('2025-07-15', 'YYYY-MM-DD'), '10:00:00', 'Akordi');
INSERT INTO Cas VALUES ('C002', 'K002', 'U002', TO_DATE('2025-07-16', 'YYYY-MM-DD'), '11:00:00', 'Skale');
INSERT INTO Cas VALUES ('C003', 'K003', 'U003', TO_DATE('2025-07-17', 'YYYY-MM-DD'), '12:00:00', 'Teorija I');

-- Evidencija
INSERT INTO Evidencija VALUES ('1234567890004', 'C001', 5, 1);
INSERT INTO Evidencija VALUES ('1234567890005', 'C001', 4, 1);
INSERT INTO Evidencija VALUES ('1234567890006', 'C002', 3, 0);
